あ	2010	青木千帆子 2010 「障害者労働をめぐる言説の分析」 大阪大学大学院人間科学研究科 平成21年度 博士論文	
あ	2009	浅海靖恵 2009 「KH Coderを利用した問題解決型学習アンケート自由記述データの分析 ―学生が良いと思うこと・悪いと思うこと―」 日本リハビリテーション学校協会 第22回教育研究大会 於・国際医療福祉大学 8月20日	<!-- あさうみ やすえ さん-->
あ	2009	綾城初穂 2009 「信仰はメンタルヘルスにどのような心理的リソースをもたらすのか ―日本人プロテスタントの語りに対する質的分析から―」 東京大学大学院教育学研究科 平成20年度 修士論文	
あ	2010	綾城初穂・平野真理 2010 「アルコール依存症者のポジショニング ―SCTの記述におけるSelf2・Self3の探索的検討―」 『日本心理学会大会発表論文集』 74: 378	
あ	2011	荒木隆一郎・佐藤真喜子・柴崎智美・鈴木洋通・有田和恵・森茂久・渡辺修ー・間嶋満・持田智・別所正美・鈴木郁子・丸木和子 2011 「重症心身障害児施設における医学部1年臨床入門(ICM)実習の振り返りレポート質的分析による評価」 第43回日本医学教育学会大会 於・広島国際会議場 7月23日 ( 『医学教育』42(suppl): 127(P1-5) )	
あ	2010	荒木隆一郎・佐藤真喜子・柴崎智美・鈴木洋通・山崎芳仁・吉田喜太郎・有田和恵・森茂久・渡辺修ー・間嶋満・持田智・別所正美・鈴木郁子・丸木和子 2010 「重症心身障害児施設における医学部1年臨床入門(ICM)実習の振り返りレポート ―計量テキスト分析による評価―」 第42回日本医学教育学会大会 7月31日 ( 『医学教育』41(suppl): 145(P2-11) )	
あ	2009	荒木隆一郎・佐藤真喜子・柴崎智美・羽生真由子・宮崎孝・大野洋一・鈴木洋通 2009 「重症心身障害児施設における臨地実習後の意識調査 ―Text miningによる分析―」 第68回日本公衆衛生学会総会 10月23日 (『日本公衆衛生雑誌』 56(10): 518(P1002-12) )	
あ	2011	飯尾淳・鵜戸口志郎・小山欣泰・長谷川祐子 2011 「なぜダイエットに成功する人としない人がいるのか？ ―行動ログに基づく要因の分析―」 『第11回マルチメディア、分散、協調とモバイル（DICOMO2011）シンポジウム論文集』（情報処理学会） 1453-1460, 於・京都府宮津 7月8日	
あ	2010	Iio, J., Udoguchi, S. &  Shirai, Y. 2010 "Information Technology Trends in a Decade Revealed by Text-mining," IEEE Pacific Visualization 2010 (Taipei, Taiwan: 3/4)	
あ	2010	李恩敬 2010 「民主主義社会移行期のモンゴルテレビ局の運営とジャーナリズム性 ―地上波全国テレビ局のインタビュー調査分析から―」 日本マス・コミュニケーション学会2010年度春季研究発表会 於・関西大学 7月3日	
あ	2011	李恩敬 2011 「民主化後に新展開を迎えたモンゴルのテレビシステム ―5つの全国向け地上派テレビ放送局を中心に―」 『立命館産業社会論集』 47(2): 121-142	
あ	2011	Igarashi, T., Komaki, G., Lane, R. D., Moriguchi, Y., Nishimura, H., Arakawa, H., Gondo, M., Terasawa, Y., Sullivan, C. V. & Maeda, M. 2011 "The reliability and validity of the Japanese version of the Levels of Emotional Awareness Scale (LEAS-J)" <i>BioPsychoSocial Medicine</i> 5(1): 2	
あ	2003	池本淳一 2003 「スポーツの中の日常、日常の中のスポーツ ―ボクシングを事例として―」 第54回関西社会学会 5月25日	
あ	2011	石井健一 2011 「FacebookとTwitterの発言における特徴語の比較」 <i>Department of Social Systems and Management Discussion Paper Series</i>, 1279: 1-10	
あ	2010	石黒万里子 2010 「父母のジェンダー意識と子育て不安」 第69回日本教育学会 於・広島大学 8月22日	
あ	2010	伊藤いずみ・曽和治好 2010 「ブログからみる日本庭園の評価」 『ランドスケープ研究 : 日本造園学会誌』 73(5): 377-380	
あ	2010	伊藤浩二・宇都宮大輔・小路晋作 2010 「環境配慮の水田農業を支える担い手の育成」 中村浩二・嘉田良平（編）『里山復権 ―能登からの発信―』 創森社 141-163	 <font size="-1"><a class="refs_pdf_link" href="http://www.amazon.co.jp/dp/4883402525" target="_blank">Amazon</a></font>
あ	2006	伊藤昌亮 2006 「オンラインメディアイベントとマスメディア ―2ちゃんねる・24時間マラソン監視オフの内容分析から―」 『社会情報学研究』 (ISSN:13429604) 10(2): 9-23	
あ	2011	伊藤昌亮 2011 『フラッシュモブズ ―儀礼と運動の交わるところ―』 NTT出版 （東京大学大学院学際情報学府 平成22年度 博士論文）	 <font size="-1"><a class="refs_pdf_link" href="http://www.amazon.co.jp/dp/4757103042/" target="_blank">Amazon</a></font>
あ	2009	稲垣由子・酒井佐枝子・樋口耕一・良原誠崇・加藤寛 2009 「児童養護施設内における暴力の実態(2) ―子ども間について―」日本子ども虐待防止学会第15回学術集会埼玉大会 11月27日	
あ	2011	稲葉光行・抱井尚子 2011 「質的データにおけるグラウンデッドなテキストマイニング・アプローチの提案 ―がん告知の可否をめぐるフォーカスグループでの議論の分析から―」 『政策科学』 18(3): 255-276	
あ	2009	井上雅史・花田里欧子・古山宣洋・池田久美 2009 「カウンセリング対話における賛辞使用と受容の不一致発見」 第8回情報科学技術フォーラム（FIT2009） 於・東北工業大学 9月2日	
あ	2009	猪狩美保・岩﨑夕子・菅谷有子・単娜・古市由美子・村田晶子・山口真紀・山﨑佳子 2009 「工学系話し言葉コーパスにおける日本語の使用実態 ―使用頻度の高いサ変動詞の共起名詞を中心とした分析―」 『言語文化と日本語教育』 38: 66-69	
あ	2007	井面仁志・白木渡・松田梓 2007 「テキストマイニングを用いた高潮被災者の意識分析と防災対策」 『安全問題研究論文集』 2: 59-64 	<!-- イノモヒトシさん  -->
あ	2011	今西利之 2011 「『公的医療保険』にかかわる語彙の分析 ―『やさしい日本語』による文書の作成にむけて―」 『熊本大学国際化推進センター紀要』 2: 1-11	
あ	2006	岩脇千裕 2006 「高度成長期以後の大学新卒者採用における望ましい人材像の変容」 『京都大学教育学研究科紀要』 52: 76-92	
あ	2010	上崎哉・神田宏・林真貴子 2010 「リアルタイムアンケートによる授業改善の試み」 『日本教育工学会研究報告集』 10(5): 17-22	
あ	2010	上田喜彦 2010 「学校における教育改革と多忙化に関する教職員の意識の様相 ―奈良市における教職員の意識調査結果から―」 『天理大学学報』 62(1): 47-76	
あ	2009	上村晃弘・佐藤達哉 2009 「東金女児遺棄事件に関するブログのテキストマイニングによる分析」 日本質的心理学会第6回大会 於・北海学園大学 9月13日	
あ	2010	上村晃弘・サトウタツヤ 2010 「東金女児遺棄事件に関するブログ記事の分析」 『立命館人間科学研究』 21: 173-183	 <a  class="refs_pdf_link" href="http://www.ritsumeihuman.com/publication/files/ningen21/p173-183.pdf"><font size="-1">PDF File</font></a>
あ	2011	内田清香 2011 「CG動画を用いたネットワーク型コンパクトシティにおける情報提供の効果に関する研究」 宇都宮大学大学院工学研究科 平成22年度 修士論文	
あ	2008	梅村信夫 2008 「授業改善に向けた評価モデルの提案とビジネス実務科目への適用」 『ビジネス実務論集』 26: 1-11	
あ	2007	Umemura, N. & Hasegawa, T. 2007 "The Features of the Students' Proposed Questionnaire Items for Improving Lessons Based on the Multivariate Analysis" A. Grzech ed. <i>Proceedings of the 16th International Conference on Systems Science, 4-6 September 2007, Wrocaw, Poland</i> Oficyna Wydawnicza Politechniki Wrocławskiej 291-298	
あ	2006	大江宏子・菅野滋樹 2006 「電子メールと手紙の競合・代替関係の検証 ―コミュニケーション・メディアに対する人々の認識と利用行動―」 『情報処理学会研究報告. 情報システムと社会環境研究報告』 2006(27): 17-24	
あ	2007	OSAKI, Azusa &amp; LEE, Jae-Ho 2007 &quot;A Hierarchy of Semantic Constraints in Japanese Fictive Motion&quot; In 10th International Cognitive Linguistics Conference (Krakow, Poland)	
あ	2001	大瀧友織 2001 「夫婦間における『性格の不一致』という問題 ―身の上相談を資料として―」 第11回 日本家族社会学会 9月8日	
あ	2003	大瀧友織 2003 「コンピュータ・コーディングによる夫婦問題の分析 ―日常生活における妻の不満―」 第13回 日本家族社会学会 9月6日	
あ	2003	大瀧友織 2003 「夫に対する役割期待の変化 ―妻からの不満をとおして―」 『家族研究年報』 (ISSN:02897415) 28: 51-62	
あ	2005	大瀧友織 2005 「身の上相談の計量的分析 ―家庭問題に注目して―」 『年報人間科学』 (ISSN:02865149) 26: 75-88	
あ	2006	大瀧友織 2006 「アレンジド・マリッジの困難 ―結婚情報サービス会員調査から―」 『年報人間科学』 (ISSN:02865149) 27: 107-120	
あ	2006	大瀧友織 2006 「『はだしのゲン』の計量的分析―表現変容プロセスに見る＜感性＞と＜理念＞の揺らぎ―」 『年報人間科学』 (ISSN:02865149) 27: 121-134	
あ	2006	大瀧友織・樋口耕一 2006 「マンガを言葉で読む ―計量的分析の試み―」 吉村和真・福間良明（編著） 『「はだしのゲン」がいた風景 ―マンガ・戦争・記憶―』 梓出版 (ISBN:4872622219) 119-146	 <font size="-1"><a class="refs_pdf_link" href="http://www.amazon.co.jp/dp/4872622219" target="_blank">Amazon</a></font>
あ	2007	太田久彦・小林順子 2007 「訪問看護ステーションスタッフが連携先スタッフから得る情報の特徴」 『医療情報学連合大会論文集』 27(Suppl.): 1078-1079	
あ	2010	大塚裕子・森田哲夫・吉田朗・小島浩・塚田伸也 2010 「テキストマイニングによる都市・景観イメージ分析 ―水・緑環境に着目して―」 『土木計画学研究・講演集』（CD-ROM） 41: 132	<!-- 2010.6.5 -->
あ	2008	Onishi, H. & Manchanda, P. 2008 "Marketing Activity, Blogging and Sales" INFORMS Marketing Science Conference 2008 (Vancouver, Canada: 6/13)	
あ	2011	大野弘祐 2011 「テキストマイニングを活用したSWプロジェクトの品質管理事例」 日本科学技術連盟 ソフトウェア品質シンポジウム2011（SQiP2011） 於・早稲田大学 9月9日	
あ	2005	岡本朝也 2005 「最近の雑誌記事にみる『家族』言説」 第15回 日本家族社会学会 9月10日	
あ	2008	小川賀代・黒田綾香・小村道昭・梶田将司 2008 「ロールモデル型eポートフォリオシステムにおける文書解析を適用したキャリア支援」 第69回応用物理学会学術講演会 於・中部大学 9月3日	
あ	2011	尾崎誠 2011 「帰国生徒の特性を伸長する教育デザイン」 『教育デザイン研究』 2: 71-78	<!-- オザキ マコト さん -->
か	2011	Kaiya, H., Hara, K., Kobayashi, K., Osada, A., & Kaijiri, K. 2011 "Exploring How to Support Software Revision in Software Non-intensive Projects Using Existing Techniques," 2011 IEEE 35th Annual Computer Software and Applications Conference Workshops, 327-334	
か	2004	景山佳代子 2004 「メディアのなかの性風俗 ―週刊誌『アサヒ芸能』を手がかりにして―」 大阪大学大学院人間科学研究科 平成16年度 博士論文	
か	2010	景山佳代子 2010 『性・メディア・風俗 ―週刊誌「アサヒ芸能」からみる風俗としての性―』 ハーベスト社 	 <font size="-1"><a class="refs_pdf_link" href="http://www.amazon.co.jp/dp/4863390246/" target="_blank">Amazon</a></font>
か	2010	勝谷紀子 2010 「『難聴』のしろうと理論」 『日本社会心理学会第51回大会発表論文集』 420-421	
か	2011	勝谷紀子 2011 「『難聴』のしろうと理論」 『研究紀要』（日本大学文理学部人文科学研究所） 81: 123-130	
か	2011	勝谷紀子 2011 「『難聴』のしろうと理論（2） ―『難聴の人々』についての検討―」 日本心理学会第75回大会 於・日本大学 9月15日	
か	2006	勝谷紀子・岡隆・坂本真士 2006 「日本の大学生におけるうつのしろうと理論―テキストマイニングによる分析―」 『日本心理学会大会発表論文集』 70: 341	
か	2007	勝谷紀子・岡隆・坂本真士 2007 「日本の大学生におけるうつのしろうと理論(2) ―うつ経験者と非経験者の比較―」  『日本心理学会大会発表論文集』 71: 302	
か	2008	Katsuya, N., Oka, T. & Sakamoto, S. 2008 "Lay theories of depression among Japanese undergraduates: Text mining analyses," The 29th International Congress of Psychology, Berlin, Germany.	
か	2009	勝谷紀子・岡隆・坂本真士 2009 「日本におけるうつのしろうと理論―Yahoo!知恵袋の質問データの分析―」 『日本社会心理学会第50回大会・日本グループ・ダイナミックス学会第56回大会合同大会発表論文集』 490-491	
か	2010	勝谷紀子・岡隆・坂本真士 2010 「日本における自殺のしろうと理論 ―Yahoo!知恵袋の質問データの分析―」 『研究紀要』（日本大学文理学部人文科学研究所） 79: 61-66	
か	2010	勝谷紀子・岡隆・坂本真士 2010 「日本の大学生はうつ病の情報をどこから得ているか―テキストマイニングによる分析―」 『日本心理学会大会発表論文集』 74: 290	
か	2011	勝谷紀子・岡隆・坂本真士 2011 「うつ病についての関心の推移 ―Yahoo!知恵袋の質問データの分析―」 『日本社会心理学会大会発表論文集』 52: 397	
か	2010	Katsuya, N., Oka, T., Sakamoto, S., Asakawa, T. & Yamamoto, T. 2010 "Lay theories of depression in Japan: Analysis on answer data of a knowledge sharing community site," Electronic poster presented at The 27th International Congress of Applied Psychology	
か	2011	勝谷紀子・岡隆・坂本真士・朝川明男・山本真菜 2011 「日本の大学生におけるうつのしろうと理論 ―テキストマイニングによる形態素分析とKJ法による内容分析―」 『社会言語科学』 13(2): 107-115	
か	2006	勝谷紀子・坂本真士 2006 「重要他者に対する再確認傾向と重要他者の行動および感情の推測との関連（２）―KJ法とテキストマイニングによる検討―」 『日本パーソナリティ心理学会第15回大会発表論文集』 28-29.	
か	2005	金丸敏幸 2005 「日本語意味フレーム分析における対訳コーパスの利用」 （ワークショップ 「コーパス利用とこれからの認知言語学 ―用法基盤主義をカケ声でおわらせないためには,何を,どうするべきか―」） 第6回 日本認知言語学会全国大会 9月18日	
か	2005	Kanamaru, T., Murata, M., Kuroda, K. & Isahara, H. 2005 "Obtaining Japanese Lexical Units for Semantic Frames from Berkeley FrameNet Using a Bilingual Corpus" <i>Proceedings of the 6th International Workshop on Linguistically Interpreted Corpora</i> 11-20	
か	2011	亀ヶ谷雅彦・松田澄子 2011 「山形県婦人連盟所蔵資料の探索的調査研究」 『山形県立米沢女子短期大学付属生活文化研究所報告』 37: 91-126	
か	2009	川浦康至・川上善郎 2009 「オバマ当選ニュース伝播に関する学生調査」 『コミュニケーション科学』 30: 47-65	
か	2006	川浦康至・三浦麻子・地福節子・大瀧直子・岡本真 2006 「知識共有コミュニティを創り出す人たち（2）―『質問』タイプから見た参加行動―」 『日本社会心理学会大会発表論文集』 47: 496-497	 <font size="-1"><a class="refs_pdf_link" href="http://www8.plala.or.jp/revir/">Web Page</a> / <a class="refs_pdf_link" href="http://www8.plala.or.jp/revir/works/2006/socpsy06.pdf">PDF File</a></font> 
か	2010	川上善郎（編著） 2010 『心の中のパッサージュ ―商店街の社会心理学的機能―』 平成19～21年度科学研究費補助金（基盤研究（C）課題番号19530563）研究成果報告書, 成城大学	
か	2010	川上善郎・川浦康至 2010 「新型インフルはどのように語られたのか」 『コミュニケーション紀要』 21: 1-34	
か	2008	川上善郎・川浦康至・柴内康文 2008 「就職活動における社会的リアリティの形成過程(2) ―人生におけるターニングポイントでのインターネットの働き―」 『日本社会心理学会大会発表論文集』 49: 392-393	
か	2009	川上善郎・川浦康至・高橋尚也 2009 「心の中のパッサージュ ―商店街の社会心理学的機能―」 『日本社会心理学会大会発表論文集』 50: 846-847	
か	2007	川上善郎・橋本和彦・榧木一矢 2007 「ある子殺し報道の伝えるもの―安心社会の崩壊―」 『日本社会心理学会大会発表論文集』 48: 618-619	
か	2008	河島茂生・橋本渉・河井延晃・椋本輔 2008 「口コミサイトにおける信頼の機能 ―愛・地球博の口コミサイトを事例に―」 『聖学院大学総合研究所紀要』 42: 329-359	
か	2006	川野英二 2006 「フランス郊外暴動と『若者』の叛乱」 『部落解放研究』 171: 63-71	
か	2003	川端亮 2003 「コンピュータ・コーディングの宗教研究への応用」　『宗教と社会』  9（別冊）: 16-21	
か	2003	川端亮・樋口耕一 2003 「インターネットに対する人々の意識 ―自由回答の分析から―」　『大阪大学大学院人間科学研究科紀要』 (ISSN:13458574) 29: 163-181	 <a  class="refs_pdf_link" href="http://www.hus.osaka-u.ac.jp/kiyo/file/29/29-07_bata.pdf"><font size="-1">PDF File</font></a>
か	2006	Kawabata, A. & Watanabe, M. 2006 "Communication Gap between Believers and Non-believers in Religion" The Annual Internet Research Conference 2006, IR 7.0: Internet Convergences (Brisbane, Australia: Sept.)	
か	2009	岸田幸子・大原美保・目黒公郎 2009 「義務教育課程における防災教育カリキュラムの開発に向けた基礎的研究」 『生産研究』 61(4): 713-716	
か	2009	北根精美 2009 「Webリフレクション・ペーパーによる授業改善と学習管理力の向上」 『IT活用教育方法研究』 12(1): 11-15	
か	2009	金城克哉 2009 「MSM 出会い系掲示板における文末表現『っす』の用法について」 『Southern Review』 24: 85-89	
か	2010	金城克哉 2010 「インターネット上の出会い系掲示板を対象とした基礎的語彙調査」 『琉球大学欧米文化論集』 54: 1-21	
か	2010	金城克哉 2010 「『掘ってくれるタチいないっすか？』 ―沖縄県の出会い系掲示板投稿文の計量的分析―」 『論叢クィア』 3: 39-61	
か	2011	金城克哉 2011 「コーパス分析に基づく『～にくい』・『～づらい』表現の研究」 『留学生教育』 8: 19-35	
か	2011	倉田香織・中ノ堂ひとみ・岡崎光洋・土橋朗 2011 「親和図法に基づく食物アレルギー情報に関するニーズ分析」 日本薬学会第131年会 3月29日	
か	2008	黒田綾香・小川賀代・小村道昭・梶田将司・小舘香椎子 2008 「潜在的意味分析を適用したロールモデル型eポートフォリオシステムにおけるマルチキャリアパス支援」 第55回応用物理学関係連合講演会 於・日本大学 3月28日	
か	2008	呉苑菱 2008 「CGMにおける口コミ情報の研究 ―任天堂Wii を事例として―」 電気通信大学大学院電気通信学研究科 平成19年度 修士論文	
か	2010	Goto, S., Hachiken, H. & Takada, M. 2010 "Quantitative analysis of Japanese journal articles on medical pharmacy," 16th Japanese Society for Pharmaco­Epidemiology and 5th Asian Conference on Pharmaco­Epidemiology joint meeting (Tokyo, Japan: 10/30)	<!-- ごとうさよこさん -->
か	2011	後藤佐昌子・八軒浩子・髙田充隆 2011 「医療薬学研究の変遷に関する計量的分析」 『医療薬学』 37: 21-30	
か	2011	後藤多知子・萩原琴弥・後藤和史 2011 「養護教諭志望学生における養護教諭に対するイメージの変容」 『瀬木学園紀要』 5: 32-37	
さ	2010	齋藤朗宏・武田寛 2010 「企業における経営理念の分析」  第13回経営行動科学学会 於・兵庫県立大学 11月14日 	<!-- さいとうあきひろさん -->
さ	2009	斉藤香里・村井源・徃住彰文 2009 「心の状態と言語的特徴 ―ブログにおける商品紹介文の分析―」 『情報知識学会誌』 19(2): 144-151	
さ	2010	斎藤進也・稲葉光行 2010 「テキストマイニングによる非営利ネットワークの組織化プロセスの可視化」 『政策科学』 17(2): 15-22	
さ	2007	斉藤進・小山修・中村敬・山口忍・壷有桂・森川洋・西川正・鈴木敬子・田所裕子・牛玖幸一・大久保美恵 2007 「子育て支援における母親クラブと児童館の役割に関する研究(1)―全国の母親クラブの活動実態―」 『日本子ども家庭総合研究所紀要』 43: 165-180	
さ	2011	酒井佐枝子・稲垣由子・樋口耕一・加藤寛 2011 「児童養護施設内における子ども間暴力の内容と対応の分析」 『子どもの虐待とネグレクト』 13: 115-124	
さ	2009	酒井佐枝子・稲垣由子・樋口耕一・良原誠崇・加藤寛 2009 「児童養護施設内における暴力の実態(1) ―全体的な傾向―」 日本子ども虐待防止学会第15回学術集会埼玉大会 11月27日	
さ	2009	酒井佐枝子・樋口耕一・稲垣由子・良原誠崇・加藤寛 2009 「児童養護施設内における暴力内容に関する調査研究 ―暴力の全体的傾向―」 『心的トラウマ研究』 5: 19-27	
さ	2009	酒井佐枝子・樋口耕一・稲垣由子・良原誠崇・加藤寛 2009 「児童養護施設内暴力に関する調査研究」 『兵庫県こころのケアセンター研究報告書 ―平成20年度版―』 兵庫県こころのケアセンター 113-143	
さ	2011	坂本毅啓 2011 「沖縄における低所得・貧困層の高齢者 ―質的調査による介護問題の考察―」 日本介護福祉学会第19回大会 於・大妻女子大学 9月4日	<!-- さかもとたけはるさん -->
さ	2009	迫麻里絵 2009 「Webの写真と文章に見る都市イメージの抽出と可視化に関する研究」 九州大学大学院人間環境学府 平成20年度 修士論文	
さ	2011	佐々木孟・佐藤由美子・城間祥之・河野總 2011 「認知症患者とロボットとの言語を介したコミュニケーションの可能性について」 第6回日本感性工学会春季大会 於・九州大学 3月4日	
さ	2010	佐田富美子 2010 「新聞記事に見る『ペットは家族』言説の意味とその推移 ―癒しの担い手から、一部は愛情の受け止め手へ―」 放送大学大学院文化科学研究科 平成21年度 修士論文	
さ	2010	佐藤直子・稲葉哲郎 2010 「2005年・2009年衆院選における新聞報道の内容分析」 日本社会心理学会第51回大会 於・広島大学 9月17日	
さ	2006	佐野香織 2006 「社会で生活する成人定住ブラジル人の日本語習得過程」 お茶の水女子大学大学院人間文化研究科 平成17年度 修士論文	
さ	2007	佐野香織 2007 「地域社会に暮らす長期定住外国人の日本語使用実態」 『人間文化創成科学論叢』 10: 25-33	
さ	2008	佐野香織 2008 「地域社会に暮らす長期定住外国人の動詞形使用―使用頻度の観点から―」 森山新（編） 『認知言語学的観点を生かした日本語教授法・教材開発研究』 平成17～19年度科学研究費補助金（基盤研究（C）課題番号17520253）研究成果報告書, お茶の水大学 172-179	
さ	2007	佐野香織・李在鎬 2007 「KH Coderで何ができるか―日本語習得・日本語教育研究利用への示唆―」 『言語文化と日本語教育』 33: 94-95	
さ	2007	佐野香織・李在鎬・秋澤委太郎 2007 「定住外国人の名詞使用 ―自然言語処理分析ツールを用いた研究事例―」 日本語教育学会平成19年度春期大会 於・桜美林大学 5月27日	
さ	2011	澤内大樹 2011 「新規材料によるバイオエタノール合成および教材化への応用」 岩手大学大学院教育学研究科 平成22年度 修士論文	
さ	2008	標葉隆馬 2008 「テキストマイニングによる日本の遺伝子組換え関連新聞記事の動向分析」 研究・技術計画学会第23回年次学術大会 於・東京大学生産技術研究所 10月12日	
さ	2008	Shineha, R., Hibino, A. & Kato, K. 2008 "Analysis of Japanese Newspaper Articles on Genetic Modification" <i>Journal of Science Communication</i> 7(2).	 <a  class="refs_pdf_link" href="http://jcom.sissa.it/archive/07/02/Jcom0702%282008%29A02/Jcom0702(2008)A02.pdf"><font size="-1">PDF File</font></a>
さ	2007	島井哲志 2007 「日本の健康心理学の課題と方向性」 準備委員会企画シンポジウム 『将来の健康心理学の方向性を考える』 9月1日、日本健康心理学会第20回記念大会発表論文集、S7.	
さ	2007	清水雄大・立野繁之・松山久義 2007 「顧客の要望を反映したPC選択手法の開発」 『信学技報』 107(240): 37-40	
さ	2007	志村健一 2007 「畠山龍郎が記したもの ―『ソーシャルワーク研究』「巻頭言」の計量テキスト分析―」 『聖隷クリストファー大学社会福祉学部紀要』 5: 51-59	
さ	2009	下村明子・高田美子・片山美千代 2009 「RLを活用した看護学生と保育士学生の子どもとのかかわりの比較―質的分析ソフトを用いた実習前後の記述の検討―」 第11回日本ロールレタリング学会大会 8月29日	<!-- 間接的な情報源からKH Coder利用有とのこと -->
さ	2010	下村英雄 2010 「50代就業者のキャリアの意味づけ ―自由記述データを用いた検討―」 労働政策研究・研修機構（編） 『成人キャリア発達に関する調査研究 ―50代就業者が振り返るキャリア形成―』 労働政策研究報告書 114: 145-180	
さ	2008	単娜・猪狩美保・菅谷有子・古市由美子・山口真紀・山﨑佳子・岩﨑夕子 2008 「工学系話し言葉コーパスにおける日本語の使用実態―動詞を中心とした調査―」 日本語学国際シンポジウム 2008 「動詞とその周辺」 於・清華大学（北京） 10月12日	
さ	2009	単娜・猪狩美保・菅谷有子・村田晶子・古市由美子・山﨑佳子・岩﨑夕子・山口真紀 2009 「アカデミックな場面で使用される名詞のコロケーション ―工学系話し言葉コーパスを用いた分析―」 『第五回中国大学日本語教育研究国際シンポジウム予稿集』 42-43	
さ	2007	城下英行・河田惠昭 2007 「学習指導要領の変遷過程に見る防災教育展開の課題」 『自然災害科学』 26(2): 163-176	
さ	2009	菅谷有子・単娜・古市由美子・猪狩美保・村田晶子・山﨑佳子 2009 「工学系話し言葉コーパスにおける使用語彙の調査と分析 ―名詞を中心に―」 『韓国日本語学会第20回国際学術発表会論文集 ―コーパスによる日本語・日本語教育の研究と応用―』 37-45	
さ	2010	杉本佳史・葛西紘士 2010 「艾・箱灸作りのワークショップによる灸療法啓蒙活動の実践 ―テキストマイニング手法を用いた検討―」 第59回全日本鍼灸学会学術大会 於・大阪国際会議場（グランキューブ大阪） 6月12日	
さ	2010	鈴木彩加 2010 「『主婦』たちのジェンダーフリー・バックラッシュとフェミニズム」 大阪大学大学院人間科学研究科 平成21年度 修士論文	
さ	2006	鈴木幸平・李在鎬・黒田航 2006 「実験に基づく「流れる」の語形の意味グループ」 日本語用論学会第9回大会 於・桃山学院大学 12月11日	
さ	2008	鈴木敏和 2008 「理学療法士養成校在学生の学習行動分析―KH Coderを利用した計量テキスト分析―」 『理学療法学』 35: 664	
さ	2010	鈴木公啓 2010 「雑誌記事において『痩身』はどのような文脈で扱われているか？ ―テキストマイニングを用いたタイトルの分析から何が見えてくるか―」 『東洋大学21世紀ヒューマン・インタラクション・リサーチ・センター研究年報』 7: 47-51 	<!-- すずきともひろ さん -->
さ	2010	鈴木雅実・皆川直凡 2010 「共通体験を通じて詠まれた俳句からの知識発見の試み」 第24回人工知能学会全国大会 6月9日	
さ	2006	瀬戸宏格・南留美子・児島強・齋藤秀之・満屋裕明 2006 「テキストマイニングで得られる情報の治験同意説明文書作成支援への活用」 日本薬学会第126年会 3月29日	
さ	2007	孫斉庸 2007 「ポスト保革イデオロギー時代における日本政治の対立軸―『保革溶解』の逸脱事例としての沖縄を中心に―」 『国家学会雑誌』 120(9・10): 126-192	
た	2010	高久聡司 2010 「学校時代のキャリア教育の自由記述データによる分析」 労働政策研究・研修機構（編） 『 学校時代のキャリア教育と若者の職業生活』 労働政策研究報告書 125: 94-112	<!-- たかくそうじさん http://www.jil.go.jp/institute/reports/2010/0125.htm -->
た	2010	高橋一公 2010 「社会福祉を専攻する学生の老人イメージ（3） ―自由記述の分析を通して―」 『日本発達心理学会第21回大会論文集』 210	<!-- たかはしいっこう先生 -->
た	2010	高橋一公 2010 「大学生の老人イメージ(3) ―自由記述の計量テキスト分析―」 『日本心理学会大会発表論文集』 74: 1129	
た	2011	高橋一公 2011 「『老人観』測定の試み ―イメージ測定におけるテキストマイニングの可能性―」 『学校法人昌賢学園論集』 9: 99-112	
た	2011	高橋一公 2011 「社会福祉を専攻する学生の老人イメージ（4） ―自由記述の分析を通して（その2）―」 『日本発達心理学会第22回大会論文集』 223	
た	2008	高橋和氣 2008 「インターネット上の発言が映画の興行成績に与える影響の分析」 筑波大学大学院システム情報工学研究科 平成19年度 修士論文	
た	2008	高橋剛実 2008 「テキストマイニングによる”院内学級連絡ノート”の分析」 『小児の精神と神経』 (ISSN 05599040) 48(3): 243-259	
た	2010	武冨貴久子・吉田素文 2010 「医学科3年生に行った医療コミュニケーション入門授業の評価」 第42回日本医学教育学会大会 7月31日 (『医学教育』 41(suppl): 150(P4-1) )	
た	2009	竹原信也 2009 「地方自治体の立法過程と条例・規則の分析―愛媛県新居浜市を対象に―」 2009年度日本法社会学会学術大会 5月10日	
た	2009	竹原信也 2009 「地方自治体の立法過程―新居浜市の条例制定過程と条例・規則の分析―」 『新居浜工業高等専門学校紀要』 45: 63-70	
た	2010	立石慎治 2010 「第4章 企業から見た専門学校教育」 小方直幸（編） 『企業から見た専門学校教育』 高等教育研究叢書108, 広島大学高等教育研究開発センター, 45-55	
た	2008	谷本奈穂 2008 『恋愛の社会学 ―「遊び」とロマンティック・ラブの変容―』 青弓社	 <font size="-1"><a class="refs_pdf_link" href="http://www.amazon.co.jp/dp/4787232843/" target="_blank">Amazon</a></font>
た	2009	谷本奈穂 2009 「現代における公衆の科学理解(2) ―美容に関する言説を事例に―」 第82回日本社会学会大会 於・立教大学 10月11日	
た	2011	谷本奈穂 2011 「美容における科学言説」 『情報研究』 34: 39-52	
た	2006	谷本奈穂・大瀧友織 2006 「『別れ』の理由」 山田昌弘（編著） 『離婚急増社会における夫婦の愛情関係の実証研究』 平成15～17年度科学研究費補助金（基盤研究（Ｂ）課題番号15330096）研究成果報告書，東京学芸大学　75-81	
た	2004	田村貴紀 2004 「インターネット・マスメディア間相互作用と世論形成」  第9回 日本社会情報学会 10月3日	
た	2004	Tamura, T. 2004 "Japanese Feeling for Privacy: Appeared in Newspaper and Web log," <i>MANUSYA: Journal of Humanities</i> (ISSN:08599920) 7(2): 121-139.	
た	2005	田村貴紀 2005 「ウェブログ上の社会的意見に対するマスメディアの影響 ―トピックとターミノロジーの連動―」 『社会情報学研究』 (ISSN:13429604) 9(2): 45-58	
た	2007	田村貴紀 2007 「日本のインターネットにおける自己物語的コミュニケーションと意味空間」 筑波大学大学院人文社会科学研究科 平成18年度 博士論文	
た	2011	Tamura, T. &amp; Tamura, D. 2011 "Reflexive Self Identification of Internet Users and the Authority of Soka Gakkai: Analysis of Discourse in Japanese BBS, Ni-channeru" Baffelli, E., Reader, E. &amp; Staemmler, B. eds. <i>Japanese Religions on the Internet: Innovation, Representation, and Authority</i> NY: Routledge	 <font size="-1"><a class="refs_pdf_link" href="http://www.amazon.co.jp/dp/0415886430" target="_blank">Amazon</a></font>
た	2011	塚田伸也・塚田伸也・湯沢昭 2011 「委員会の発言から捉えた歩行者の交通空間整備における検討」 『交通工学研究発表会論文集』 31: 503-506	
た	2009	土屋智行・李在鎬・横森大輔 2009 「日本語における形容詞の活用と使用頻度」 JSAA-ICJLE: Japanese Studies Association of Australia - International Conference on Japanese Language Education 2009, (University of New South Wales, Sydney, Australia: 7/15)	
た	2008	椿本弥生 2008 「計量的手法を用いた大学におけるレポート採点支援に関する研究」 東京工業大学大学院社会理工学研究科人間行動システム専攻 平成19年度 博士論文	
た	2010	椿本弥生・柳沢昌義・赤堀侃司 2010 「出題形式や評価項目がレポート採点支援マップの可視化結果に及ぼす影響」 『日本教育工学会論文誌』 33(4): 459-465	
た	2009	手嶋英貴・川﨑千加・小松泰信 2009 「大学一年生を対象とする学習スキル教育とキャリア教育の融合 ―大阪女学院大学『自己形成スキル』の試みから―」 『大阪女学院大学紀要』 5: 119-144	
た	2011	寺田充伸・佐藤誠治・小林祐司 2011 「テキストマイニングを用いたアンケート自由記述欄の分析による生活環境評価」 『学術講演梗概集. F-1, 都市計画, 建築経済・住宅問題』（日本建築学会） 2011: 515-516	<!-- てらだみつのぶ さん -->
た	2010	照井雅子 2010 「テキストマイニング分析による日本人英語学習者の第二言語取得への学習動機評価モデルの検討」 言語処理学会第16回年次大会 於・東京大学 3月11日	
た	2006	天童睦子・石黒万里子 2006 「若い父親の育児参加とジェンダー意識 ―共働きカップルの育児意識調査の分析から―」 『名城大学総合研究所総合学術研究論文集』 (ISSN:13476149) 5: 191-202	
た	2007	富田英司 2007 「議論のダイナミクスを生け捕る発話間引用ネットワーク分析」 『九州大学心理学研究』 8: 73-83	
た	2007	富田英司 2007 「発話間引用ネットワーク分析（IQNA）による授業中の話し合いの質の評価」 『言語処理学会第13回年次大会発表論文集』 494-497	
た	2007	富田英司 2007 「生命倫理学をテーマとしたグループ・ディスカッションの評価方法の提案」 （ワークショップ 「『科学技術リテラシーの育成』プロジェクトの構想と展開」） 日本認知科学会第24回大会 9月3日	
た	2007	Tomida, E. 2007 "Measuring Quality of Discussion: Four Tools of Inter-Utterance Quotation Network Analysis," <i>Informatics</i> 	<!-- 明治大学情報基盤本部 --> 1(1): 5-17
た	2007	Tomida, E. 2007 "Finding an Index of a Student-Centered Classroom Discussion Using Inter-Utterance Quotation Network Analysis," 12th Biennial Conference for Research on Learning and Instruction (Budapest, Hungary: 8/29)	
た	2010	富田英司 2010 「テキストマイニングによる議論構造の評価」 日本教育心理学会第52回総会 於・早稲田大学 8月28日	
た	2005	Tomida, E. & Maruno, S. 2005 &quot;Inferring Conversational Functions in Japanese Discourse with Discourse Marker Complex,&quot; The International Workshop on Conversational Informatics collocated with the 19th Annual Conference of the Japanese Society for Artificial Intelligence (Kita-Kyushu, Japan: 6/14 )	 <a  class="refs_pdf_link" href="http://mklab2.hes.kyushu-u.ac.jp/%7Eet/index_et.html"><font size="-1">Web Page</font></a>
な	2008	Naoi, T. & Iijima, S. 2008 "Applying the Caption Evaluation Method to Research Historical Districts as Tourism Destinations," Richardson, S., Fredline, L., Patiar, A. & Ternel, M. eds. <i>CAUTHE 2008: Tourism and Hospitality Research, Training and Practice.</i> Gold Coast, Qld.: Griffith University, 122-128.	
な	2009	Naoi, T., Yamada, T., Iijima, S. & Kumasawa, T. 2009 "The Caption Evaluation Method: Historical Districts as Perceived by Adults with Interests in Architecture/Town Planning," Carlsen, J., Hughes, M., Holmes, K. & Jones, R. eds. <i>See Change: Tourism & Hospitality in a Dynamic World.</i> Fremantle, W.A.: Curtin University of Technology, 266-275.	
な	2011	Naoi, T., Yamada, T., Iijima, S. & Kumasawa, T. 2011 "Applying the Caption Evaluation Method to Studies of Visitors' Evaluation of Historical Districts" <i>Tourism Management</i> 32(5): 1061-1074	
な	2008	Nakagawa, N., Asao, Y. & Nagaya, N. 2008 "Information Structure and Intonation of Right-Dislocation Sentences in Japanese" 『京都大学言語学研究』 27: 1-22	
な	2010	Nakada, M. 2010 "Different Discussions on Roboethics and Information Ethics based on Different Cultural Contexts (BA): Discussions on Robots, Informatics and Life in the Information era in Japanese Bulletin Board Forums and Mass Media" Sudweeks, F., Hrachovec, H. & Ess, C. eds. <i>Proceedings Cultural Attitudes Towards Communication and Technology 2010</i>, Murdoch University, Australia, 300-314	
な	2009	中挾知延子・平田謙次・手塚洋一・佐藤史緒・杉山憲司・荒川歩 2009 「シラバスにおけるテキストマイニングの試み」 私学情報教育協会平成21年度教育改革IT戦略大会 9月3日	
な	2009	中挾知延子・平田謙次・手塚洋一・佐藤史緒・杉山憲司・荒川歩 2009 「学部を横断したシラバスのテキストマイニングの試み」 日本教育工学会「FDの組織化・大学の組織改革／一般」研究発表会 於・京都外国語大学 12月19日	
な	2010	中村愛・秋本瞳・李在鎬 2010 「介護福祉士候補者向け国家試験対策のためのコーパス調査」 『日本語教育学会2010年度春季大会発表論文集』 132-137	
な	2011	中村恵子・河内浩美・小林正子・丸山公男・平川毅彦 2011 「メンタルフレンド活動におけるメンタルフレンド自身への効果」 『新潟青陵学会誌』 4(1): 35-44	
な	2010	中村光浩・近藤剛弘・西脇理英・堀内正・寺町ひとみ・土屋照雄 2010 「テキストマイニングによる新医薬品販売制度アンケートの分析」 日本薬学会第130年会 3月28日	
な	2010	中村悠太・渡邊慶和・南野謙一・後藤裕介 2010 「質的・量的研究におけるミックス法を用いた自治体クラウドに関する組織内フィールド分析」 情報システム学会第6回全国大会・研究発表大会 於・専修大学 11月28日	
な	2007	中本美香 2007 「市民からの情報発信と行政との新たな関係」 第24回情報通信学会大会 6月24日	
な	2005	中本美香・中野幸紀 2005 「用語としての『市民社会』の用いられ方の数量化分析 ―首相演説・外相演説・新聞記事などから読み取る―」  『日本NPO学会第7回年次大会報告概要集』 74-75	
な	2011	中山留美子・長濱文与 2011 「協同的活動がグループ活動への捉え方に及ぼす影響」 日本協同教育学会第8回大会 於・千葉大学 10月1日	
な	2011	永井靖人 2011 「テキストマイニングによる女子学生の防犯行動の抽出」 『名古屋学芸大学短期大学部研究紀要』 8: 104-115	
な	2010	長塩彩夏・森田哲夫・大塚裕子・塚田伸也 2010 「個人属性・地区特性と都市のイメージの関係に関する分析 ―水環境に着目して―」 土木学会第37回関東支部技術研究発表会 於・日本大学 3月13日（『土木学会第37回関東支部技術研究発表会講演概要集』 CD-ROM: IV-46）	
な	2010	永田素彦・吉岡崇仁・大川 智船 2010 「流域環境の多様な属性に対する住民の選好評価のためのシナリオアンケート手法の開発 ―北海道朱鞠内湖集水域をフィールドに―」 『実験社会心理学研究』 49(2): 170-179	
な	2008	永田由香 2008 「認知言語学に基づく構文選択の考察 ―いわゆる壁塗り交替を事例に―」 『言語科学論集』 14: 1-14	
な	2006	永吉希久子 2006 「オリンピック関連記事にみられる国家意識の変容」 『年報人間科学』 (ISSN:02865149) 27: 87-106	
な	2010	成瀬進・小枝英輝・上杉雅之・武政誠一・井上由里 2010 「早期体験実習と学生の満足度」 第45回日本理学療法学術大会 5月28日 （『理学療法学』 37（大会特別号2）: 1150）	
な	2010	西端律子 2010 「SNSを利用した協調的な教育実習指導」『情報コミュニケーション学会誌』 6(1): 4-13	
な	2011	西本薫 2011 「三島由紀夫の『文体の改造』に関する計量的研究」 同志社大学大学院文化情報学研究科 平成22年度 修士論文	
な	2011	西本佳代・村上光朗・古賀正義・越智康詞・松田恵示・加野芳正 2011 「大学生のマナーに関する実証的研究(下) ―KH Coderによる自由記述の分析―」『香川大学教育学部研究報告.第I部』 136: 1-13	
な	2009	西本実苗 2009 「阪神・淡路大震災後の大学生の心身症状と自由記述の検討―震災1ヵ月後と5ヵ月後の縦断研究―」 日本心理学会第73回大会 於・立命館大学 8月26日	
な	2004	西脇良 2004 「形態素解析ソフトを用いた自由記述回答の分析」 『日本心理学会大会発表論文集』 68: 40	
な	2005	西脇良 2005 「子どもを取り巻く宗教的環境―自由記述の分析による整理―」 『白百合女子大学キリスト教文化研究論集』 (ISSN:13456318) 6: 72-122	
な	2009	二宮祐 2009 「教養教育、学生支援の現代的課題 ―国立大学法人の中期目標・中期計画を対象として―」 『大学教育研究開発センター年報』 2008年度: 87-98	
な	2010	Noguchi, H. 2010 "Networking of Words of the Mission: Exploring Mission Management in Japanese NPO," INSNA - The International Sunbelt Social Network Conference XXX (Trento, Itary: 7/2)	<!-- 野口寛樹さん -->
な	2010	Noguchi, H. 2010 "Purposes of NPOs: Text Mining of NPO Missions" 7th Asia Academy of Management Conference (Macau, China: 12/14)	
な	2009	野村亮太・丸野俊一 2009 「熟達した噺家の語りに〈核〉として現れる中心的な概念 ―共起ネットワークマッピングによる噺家の信念地図の作成―」 『笑い学研究』 16: 12-23	
は	2007	橋本和宏 2007 「『人望』のあるリーダーの条件―自由記述データによる探索的検討―」 九州心理学会第68回大会 11月11日	 <a  class="refs_pdf_link" href="http://homepage3.nifty.com/kazu-hassie/sub1.htm"><font size="-1">Web Page</font></a>
は	2008	橋本和宏 2008 「リーダーの人望の形成過程に関する研究」 九州大学大学院人間環境学府 平成19年度 修士論文	 <a  class="refs_pdf_link" href="http://homepage3.nifty.com/kazu-hassie/sub1.htm"><font size="-1">Web Page</font></a><!-- （人間環境学府長賞最優秀修士論文賞受賞） -->
は	2007	橋本鉱市 2007 「高等教育をめぐる政策形成の変容と課題（課題研究　いま、大学の危機とは何か）」日本教育社会学会第59回大会 9月23日	
は	2007	橋本鉱市 2007 「戦後高等教育政策におけるイシューとアクター ―国会・文教委員会会議録の計量テキスト分析―」 『東北大学大学院教育学研究科　研究年報』 56(1): 71-87	
は	2011	八軒浩子・松岡有紗・村井亜衣・後藤佐昌子・髙田充隆 2011 「テキストマイニングを用いた医療薬学研究の変遷に関する計量的分析」 日本薬学会第131年会 3月29日 	<!-- はちけん ひろこ さん -->
は	2006	濱野寛子・李在鎬 2006 「多変量解析に基づく助数詞「本」のカテゴリー化」 『日本認知言語学会論文集』 6: 553-556	
は	2007	濱野寛子・李在鎬 2007 「助数詞「本」のカテゴリー化をめぐる一考察 ―統計的手法を用いて―」 『言語学と日本語教育V』 くろしお出版	
は	2007	Hayashi, M. 2007 "Different Contexts on which the Scientific Term Appears: The Case of 'Gene' in Mass Media and Daily use." Proceedings of International Conference on Kansei Engineering and Emotion Research (KEER 2007)	
は	2011	原賢一朗 2011 「情報検索を用いたインパクト分析の品質改善に関する研究」 信州大学大学院工学系研究科 平成22年度 修士論文	
は	2001	樋口耕一 2001 「電子コミュニティにおけるメディア特性の影響 ―同期メディアと非同期メディア―」 『年報人間科学』 (ISSN:02865149) 22: 91-106	 <a  class="refs_pdf_link" href="http://koichi.nihon.to/psnl/a-nenpo-2001.pdf"><font size="-1">PDF File</font></a>
は	2002	樋口耕一 2002 「コンピュータ・コーディングによる社会情報の分析」 大阪大学大学院人間科学研究科 平成13年度 修士論文	
は	2002	樋口耕一 2002 「コンピュータ・コーディングによる新聞の内容分析」 第53回 関西社会学会 5月25日	
は	2003	樋口耕一 2003 「コンピュータ・コーディングの実践 ―漱石『こころ』を用いたチュートリアル―」 『年報人間科学』 (ISSN:02865149) 24: 193-214	 <a  class="refs_pdf_link" href="http://koichi.nihon.to/psnl/a-nenpo-2003.pdf"><font size="-1">PDF File</font></a>
は	2003	樋口耕一 2003 「消費者による情報技術の再発見 ―自由回答の分析から―」 第76回 日本社会学会大会 10月12日	
は	2004	樋口耕一 2004 「テキスト型データの計量的分析 ―2つのアプローチの峻別と統合―」 『理論と方法』（ISSN:09131442） 19(1): 101-115	 <a  class="refs_pdf_link" href="http://www.jstage.jst.go.jp/article/ojjams/19/1/101/_pdf/-char/ja/"><font size="-1">PDF File</font></a>
は	2004	樋口耕一 2004 「計算機による新聞記事の計量的分析 ―『毎日新聞』にみる「サラリーマン」を題材に― （特集： 非定型データ分析の可能性）」 『理論と方法』（ISSN:09131442） 19(2): 161-176	 <a  class="refs_pdf_link" href="http://www.jstage.jst.go.jp/article/ojjams/19/2/161/_pdf/-char/ja/"><font size="-1">PDF File</font></a>
は	2005	樋口耕一 2005 「計量テキスト分析の方法と実践」 大阪大学大学院人間科学研究科 平成16年度 博士論文	 <a  class="refs_pdf_link" href="http://koichi.nihon.to/psnl/phd_web.pdf"><font size="-1">PDF File</font></a>
は	2007	樋口耕一 2007 「現代の新聞と人々の意識 ―全国紙の内容分析は社会調査の一環たりうるか―」 第58回関西社会学会 於・同志社大学 5月26日 	
は	2009	樋口耕一 2009 「イノベーション普及過程の探索 ―2001年から2004にかけてのインターネットを事例に―」 第47回数理社会学会大会 於・京都産業大学 3月7日	
は	2010	樋口耕一 2010 「普及過程から見るWebの特徴 ―採用者が半数を超える前後の繰り返し調査から―」 第49回数理社会学会大会 於・立命館大学 3月7日	
は	2011	樋口耕一 2011 「現代における全国紙の内容分析の有効性 ―社会意識の探索はどこまで可能か―」 『行動計量学』 38(1): 1-12	 <a  class="refs_pdf_link" href="http://www.jstage.jst.go.jp/article/jbhmk/38/1/1/_pdf/-char/ja/"><font size="-1">PDF File</font></a>
は	2003	Higuchi, K. &amp; Kawabata, A. 2003 &quot;What and How Japanese People Think about the Internet: Analyzing Open-Ended Questions&quot; The 54th Session of the International Statistical Institute (Berlin, Germany: 8/18)	
は	2005	Higuchi, K. &amp; Kawabata, A. 2005 &quot;Japanese Second Thoughts on IT: Analyzing Open-Ended Questions&quot; The 37th World Congress of the International Institute of Sociology (Stockholm, Sweden: 7/9)	
は	2010	平野真理・綾城初穂 2010 「アルコール依存症者のＳＣＴにみられる自己認知 ―『いつ』の自己を『どう』捉えているか―」 『日本心理学会大会発表論文集』 74: 379	
は	2010	平山奈央子 2010 「社会的合意に基づく広域環境基本計画の再策定とその実施のための手法とプロセスの提案 ―マザーレイク21計画改訂を事例として―」 滋賀県立大学大学院環境科学研究科 平成22年度 博士論文	
は	2010	平山奈央子・佐藤祐一・岩見麻子・井手慎司 2010 「ワークショップにおける話題変遷の客観的把握と可視化の試み」 『土木学会環境システム研究論文集』 38: 163-170	
は	2008	比留間太白 2008 「日本の学校文化において創造的協働活動を創出するための活動システムの開発」 『Chat Technical Reports』 7: 1-12	
は	2007	比留間太白・伊藤大輔 2007 「協働を通した学習2 ―中高学年用協働思考プログラムの開発と実践―」 『Chat Technical Reports』 5: 27-49	
は	2011	福島青史 2011 「社会参加のための日本語教育とその課題 ―EDC、CEFR、日本語能力試験の比較検討から―」 『早稲田日本語教育学』 10: 1-19	
は	2009	福田寛之 2009 「日本における地球温暖化問題に関する新聞記事の計量的分析」 第8回科学技術社会論学会年次研究大会 於・早稲田大学 11月14日	
は	2005	藤岡勲 2005 「日本のEthnically Mixed People ―かれらのエスニック・アイデンティティはいかに形成されるのか？―」 大阪大学大学院人間科学研究科 平成16年度 修士論文	
は	2011	藤岡知江子 2011 「精神保健福祉士の役割に関する一研究」 長崎純心大学大学院人間文化研究科 平成22年度 修士論文	
は	2008	古本裕美 2008 「高専留学生の対人関係に関する認識変容の過程 ―ソーシャルスキルの獲得を目指した授業実践―」 日本語教育学会2008年度研究集会第6回実践研究フォーラム 149-152, 8月3日	
は	2009	保坂直紀 2009 「一般紙に掲載された科学記事の日米比較」 『科学技術コミュニケーション』 6: 3-16	
は	2011	細井亮佑・寺田充伸・小林祐司・佐藤誠治 2011 「テキストマイニングを用いたアンケート自由記述欄の分析による生活環境評価」 『日本建築学会九州支部研究報告』 50.3: 505-508	
は	2008	細貝亮 2008 「マスメディアの評価が内閣支持率に与える影響 ―「文末モダリティ」を媒介として―」 『早稲田政治公法研究』 87: 1-14	
は	2008	細貝亮 2008 「マスメディアが内閣支持率に与える影響とその時間的変化」 日本マス・コミュニケーション学会 2008年度秋季研究発表会 於・明治大学 11月1日	
は	2009	細貝亮 2009 「政治学におけるテキスト分析の適用」『早稲田政治公法研究』 91: 13-23	
は	2010	細貝亮 2010 「メディアが内閣支持に与える影響力とその時間的変化 ―新聞社説の内容分析を媒介にして―」 『マス・コミュニケーション研究』 77: 225-242	
は	2009	堀田秀吾 2009 『裁判とことばのチカラ』 ひつじ書房	 <font size="-1"><a class="refs_pdf_link" href="http://www.amazon.co.jp/dp/4894764482" target="_blank">Amazon</a></font>
は	2009	堀田秀吾 2009 「『私の視点、私の感覚、私の言葉』―評議コーパスの分析による裁判官と裁判員の使用語彙の分析―」 『法と心理』 日本評論社 8: 128-140	
は	2010	堀田秀吾 2010 『法コンテキストの言語理論』 ひつじ書房	  <font size="-1"><a class="refs_pdf_link" href="http://www.amazon.co.jp/dp/489476492X" target="_blank">Amazon</a></font>
は	2010	堀田秀吾 2010 「レジスターから見た裁判官と裁判員の思考体系の差異」 『法社会学』 72: 79-91	
は	2010	堀田秀吾 2010 「応用言語学的研究としての司法コミュニケーションの語用論的分析」 『日本語用論学会第12回発表論文集』	
は	2010	堀田秀吾 2010 「裁判員裁判における立場の違いと言語の違いのテキストマイニング」 日本行動計量学会第38回大会 於・埼玉大学 9月25日	
は	2010	堀田秀吾 2010 「判決文から見た裁判員裁判」 法と言語学会 於・高崎大学 12月12日	
は	2011	Hotta, S. 2011 "Examining Written Decisions on the Mixed-Jury Cases in Japan: A Corpus-Based Approach" The 2011 Annual Meeting of Law and Society Association (San Francisco, U.S.A.: 6/4)	
は	2011	Hotta, S. 2011 "A Corpus-based Analysis of Written Decisions for Japanese Lay Judge Trials" International Association for Forensic Linguists 10 (Aston University, England: 7/11)	
は	2010	堀田秀吾（編著） 2010 『裁判員裁判における言語使用に関する統計を用いた研究』 統計数理研究所共同研究リポート 237	
は	2011	堀田秀吾（編著） 2011 『コーパスを用いた法廷言語使用の分析』 統計数理研究所共同研究リポート 266	
は	2009	堀田秀吾・中村純作 2009 「評議コーパスから見た裁判員と裁判官の差異」 『明治大学教養論文集』 449: 49-62	
は	2011	堀内かおる 2011 「男女共同参画の視点による絵本に描かれた家族像の分析 ―家庭科教材としての有用性について―」 『横浜国立大学教育人間科学部紀要. I （教育科学）』 13: 157-173	
は	2010	堀江裕子・生田裕子 2010 「日本人大学生の『書く力』と『語彙力』の発達―学年による比較を通して―」 『人文学部研究論集』 24: 127-142	
ま	2010	増田正 2010 「フランス地方議会の審議項目のテキストマイニング分析」 『地域政策研究』 13(2・3) 17-30	
ま	2008	Matsui, T. 2008 "The Social Construction of Consumer Needs: A Case Analysis of the 'Healing Boom' in Japan" Association for Consumer Research North American Conference (San Francisco: Oct.)	
ま	2009	松井剛 2009 「時代精神の測定 ―雑誌記事タイトルのテキストマイニング―」 2009年度日本商品学会東日本部会大会 於・神奈川大学 11月7日 	
ま	2011	松浦純平・一ノ山隆司・上野栄一 2011（予定） 「経験豊富な看護師が考える術後せん妄発症予測要因の検討 ―データマイニングを用いたインタビューの分析―」 第31回日本看護科学学会学術集会 於・高知県	
ま	2010	Matsueda, S. 2010 "Do Suicide Websites Really Encourage Suicide? Content Analysis of Postings to a Japanese Suicide Website" <i>Inter Faculty</i> (ISSN 1884-8575) 1	
ま	2011	松枝世 2011 「若年層の自殺対策のための自殺系サイトの書き込みの内容分析」 第28回情報通信学会大会 於・専修大学 7月2日	
ま	2006	Matsuo, G., Tomida, E. &amp; Maruno, S. 2006 &quot;Classroom Discourse Analysis for the Era of Accountability: A Method for Discovering the Most Contributory Utterance to Extended Reading of Literature and Its Evolving Process.&quot; Poster Presention at the Annual Meeting of the American Educational Research Association (San Francisco: 4/10)	 <a  class="refs_pdf_link" href="http://mklab2.hes.kyushu-u.ac.jp/%7Eweb/member/maruno/self_matsuo.html"><font size="-1">Web Page</font></a>
ま	2009	松川太一・吉岡崇仁 2009 「人びとの環境への関心を探る」 吉岡崇仁（編） 『環境意識調査法 ―環境シナリオと人びとの選好―』 勁草書房	 <font size="-1"><a class="refs_pdf_link" href="http://www.amazon.co.jp/dp/4326503262/" target="_blank">Amazon</a></font>
ま	2008	松川太一・吉岡崇仁・松村綾子 2008 「誰が、何を環境問題として認識しているのか ―身近な環境問題に関する自由回答データの分析―」 第81回 日本社会学会大会 於・東北大学 11月24日	
ま	2010	松田謙次郎 2010 「橋下徹大阪府知事記者会見記録の探索的分析」 <i>Theoretical and Applied Linguistics at Kobe Shoin</i> 13: 15-22.	
ま	2008	松田光恵 2008 「ペットロスに関する質的研究 ―ネットにみる『喪の仕事』―」 『日本社会心理学会大会発表論文集』 49: 412-413	
ま	2009	松田光恵 2009 「ペットロスに関する電子掲示板分析」 『動物観研究』 14: 35-43	
ま	2011	松田光恵・川上善郎・川浦康至 2011 「マスコミはペットをどのようにあつかってきたのか ―新聞記事に見る65年間の変化―」 『日本社会心理学会大会発表論文集』 52: 203	
ま	2010	松本直人・本多宏明・松本裕司・城戸崎和佐・仲隆介 2010 『学術講演梗概集. E-1, 建築計画I, 各種建物・地域施設, 設計方法, 構法計画, 人間工学, 計画基礎』（日本建築学会） 2010: 411-412	
ま	2010	松本文子・瀬戸寿一・飯塚隆藤・西天平・矢野桂司 2010 「まちづくり調査参加者によるプレゼンテーションのテキスト分析を通した地域史の検討」 情報処理学会 第86回人文科学とコンピュータ研究発表会 於・大阪大学 5月22日	
ま	2010	松本美紀・大橋幸子・森望・入江秀晃・高尾千佳 2010 「『合意形成』に関する専門用語の内容分析」 『土木学会論文集. F4, (建設マネジメント)特集号』 66(1): 37-43	
ま	2007	眞鍋えみ子・笹川寿美・松田かおり・北島謙吾・園田悦代・種池礼子・上野範子 2007 「看護学生の臨地実習自己効力感尺度の開発とその信頼性･妥当性の検討」 『日本看護研究学会雑誌』 30(2): 43-53	
ま	2007	丸山和昭 2007 「『カウンセリング』のポリティクス―国会議事録の計量テキスト分析を中心に―」 日本教育社会学会第59回大会 9月23日	
ま	2009	丸山和昭・山崎尚也・橋本鉱市 2009 「国会会議録における『専門職』概念の分布と構造」 『東北大学大学院教育学研究科研究年報』 57(2): 49-63	
ま	2011	水野邦太郎 2011 「プロジェクトIRC ―多読の授業における互恵的な読書環境の創出―」 外国語教育メディア学会第51回全国研究大会 於・名古屋大学 8月7日	
ま	2004	溝井暁・吉川徹 2004 「進路希望と学校・教育にたいする自由回答意見の記述的計量分析」 川端亮（編著） 『社会調査における非定型データ分析支援システムの開発』　平成13～15年度科学研究費補助金（基盤研究（B）（2）課題番号13410049）研究成果報告書，大阪大学　101-133	
ま	2011	蓑輪裕子・成瀬光一・大倉正臣・長田由紀子・大根静香・亀崎路子・横井雅代 2011 「福祉教育用ビデオの教育効果に関する研究 ―『親子で学ぼう ユニバーサルデザイン』視聴者の感想文から―」 『生涯学習研究 ―聖徳大学生涯学習研究所紀要―』 9: 37-44	<!-- みのわゆうこ・なるせこういち・おおくらまさおみ・おさだゆきこ・おおねしずか・かめざきみちこ・よこいまさよ さん -->
ま	2003	宮崎保成・中田行重・下川昭夫・川島正裕・末續貴子・廣住由紀子 2003 「大学生を対象とした構成型エンカウンターグループの効果測定 ―セッションアンケートの自由記述と魅力度の評価から―」 『東亜大学大学院心理臨床研究』 3: 1-7	
ま	2008	宮地正弘 2008 「参加型アクション・リサーチを用いた介護予防一般高齢者施策の試み」 早稲田大学大学院スポーツ科学研究科 平成19年度 修士論文	 <a  class="refs_pdf_link" href="http://waseda-sports-ronbun.jp/master/master/PDF2007/5006A064.pdf"><font size="-1">PDF File</font></a>
ま	2011	宮野澄男 2011 「戦前期長崎における社会事業に関する研究 ―長崎県社会事業協会機関誌『長崎県社会事業』のテキストマイニングによる分析を通して―」 社会事業史学会第39回大会 於・ノートルダム清心女子大学 5月7日	
ま	2008	宮本博文 2008 「地域のパブリシティに関する研究」 『ツーリズム学会会誌』 8: 124-133	
ま	2007	村松順子・篠原麻綾・愛田弘美・村田博昭 2007 「B型通園事業の利用を希望する理由の分析」 第61回国立病院総合医学会 11月17日	
ま	2008	室井かおり 2008 「新聞記事中における生命科学の取り扱われ方の解析―『ゲノム』キーワードを通して―」 第7回科学技術社会論学会年次研究大会 於・大阪大学 11月9日	
ま	2010	森田武志 2010 「食文化を背景とした地域ブランドの形成と観光資源としての活用 ―札幌スープカレーを事例として―」 北海道大学大学院国際広報メディア･観光学院 平成22年度 修士論文	
や	2006	山内保典・岡田猛 2006 「電子掲示板における科学コミュニケーションの可能性―発言者と発言内容に関する基礎的分析―」 『科学技術社会論研究』 4: 101-116	
や	2011	山頭照美・飛永高秀 2011 「高齢者施設入所者の居住支援に関する研究（２）―テキストマイニングからの分析―」 『純心現代福祉研究』 15: 55-68 	<!-- やまがしらてるみ さん -->
や	2010	山崎達也 2010 「コミュニケーションクオリティ研究会の発表動向に関するテキストマイニングによる分析」 『信学技報』 110(118): 55-58	
や	2008	山本明 2008 「大学掲示板では何が語られるのか」 日本心理学会第72回大会 於・北海道大学 9月19日 	
や	2009	山本明 2009 「『24時間テレビ　愛は地球を救う』の分析(3) ―インターネット掲示板における書き込みの検討―」 『日本社会心理学会大会発表論文集』 50: 480-481	
や	2009	山本明 2009 「チャリティ番組研究－『24時間テレビ 愛は地球を救う』の分析」 放送文化基金『研究報告』 平成19年度助成・援助分(人文社会・文化)	
や	2011	山本明 2011 「インターネット掲示板においてテレビ番組はどのように語られるのか」 『マス・コミュニケーション研究』 78: 149-167	
や	2011	山本恭子 2011 「テキストマイニングを用いたプレゼンテーション評価技術の提案」 南山大学大学院数理情報研究科 平成22年度 修士論文	
や	2010	山本恭子・河野浩之 2010 「学生の相互評価によるプレゼンテーション能力向上」 『論文誌ICT活用教育方法研究』 13(1): 46-50	
や	2011	山本恭子・河野浩之 2011 「テキストマイニングを活用したプレゼンテーション評価」 電子情報通信学会2011総合大会 於・東京都市大学 3月16日	
や	2011	山本冴里 2011 「国会における日本語教育関連議論のアクターと論点 ―国会会議録のテキスト分析からの概観―」 『日本語教育』 149	<!-- やまもとさえり さん -->
や	2011	山本真照 2011 「テキストマイニング手法の洗練に向けた知識活用方法に関する研究」 『経済科学論究』 8: 73-85	<!-- やまもとまさあき さん -->
や	2007	梁誠崇・西川佳織・井村修 2007 「筋ジストロフィー患者をもつ親の心理的問題に関する探索的研究―自由記述の分析から―」 日本発達心理学会第18回大会 3月24日	
や	2011	湯川隆子・松村祐一郎 2011 「ジェンダー認知の測定に関する方法的吟味(2) ―自由記述の分析から―」 『日本社会心理学会大会発表論文集』 52: 182	
や	2011	行平真也 2011 「保戸島マグロ教室における教育効果の検討」 福岡県環境教育学会第14回年会 8月27日 於・福岡工業大学	
や	2011	行平真也・上城義信・伊藤龍星・甲斐智之・平澤敬一・高山久明 2011 「大分県日出町における小学生が参加したアマモ移植体験の教育効果」 福岡工業大学環境科学研究所環境研究発表2011 3月5日	
や	2010	行平真也・高山久明・清水健一・合田政次 2010 「水産高校生の捉える漁業者のイメージ」 日本航海学会第123回講演会・研究会 10月28日	
や	2011	行平真也・高山久明・清水健一・合田政次 2011 「水産高校生の捉える漁業者のイメージ」 『日本航海学会論文集』 124: 185-192	
や	2011	行平真也・高山久明・清水健一・合田政次 2011 「一般教養科目における乗船実習の優位性」 日本航海学会第124回講演会・研究会 5月26日	
や	2011	行平真也・高山久明・清水健一・合田政次 2011 「一般教養科目における乗船実習の優位性」 『日本航海学会論文集』 125: 99-104	
や	2006	横山尚子・桑原啓吏・岡田環・酒井達司・池上亜矢子・藤田家次 2006 「テキストマイニング手法を用いた療育記録内容の検討」 第60回総合医学会 9月23日	
や	2006	吉田満梨 2006 「市場における社会的秩序生成の分析 ―清涼飲料市場のカテゴリ形成を対象に―」 神戸大学大学院経営学研究科 平成17年度 修士論文	
や	2007	吉田満梨 2007 「製品カテゴリの生成と変容に関する考察」 第34回消費者行動研究コンファレンス 6月3日	
や	2008	良原誠崇・井村修 2008 「筋ジストロフィー患者をもつ親の心理的問題に関する一考察 ―自由記述回答の分析から―」 『リハビリテイション心理学研究』 35(1): 49-60	
や	2010	吉村真也 2010 「音楽を主とした次世代育成型企業メセナ活動―『TOAトライやる・ウィークシリーズ2009』の事例報告―」 日本アートマネジメント学会第12回全国大会 於・名古屋芸術大学 11月28日	
や	2005	米里誠司・原田豊 2005 「わが国のストーカー行為等の態様と反復傾向の数量的分析」 『日本犯罪社会学会 第32回大会報告要旨集』 92-93	
ら	2008	李在鎬 2008 「用法基盤モデルに基づく日本語の構文研究」 京都大学大学院人間・環境学研究科 平成20年度 博士論文	
ら	2009	李在鎬 2009 「多変量解析による助数詞の分析―話し手の視点を反映する助数詞―」 『日本語学』 28(7): 44-57	
ら	2010	李在鎬 2010 「助数詞の認知的アプローチ ―共起ネットワークを用いて―」 『日本言語学会第140回大会予稿集』 116-121	
ら	2011	李在鎬 2011 『コーパス分析に基づく認知言語学的構文研究』 ひつじ書房	 <font size="-1"><a class="refs_pdf_link" href="http://www.amazon.co.jp/dp/4894765314" target="_blank">Amazon</a></font>
ら	2011	李在鎬 2011 「コーパス分析の研究例1 ―語形の定量的調査―」 辻幸夫（監修） 中本敬子・李在鎬（編著） 『認知言語学研究の方法 ―内省・コーパス・実験―』 ひつじ書房 163-179	 <font size="-1"><a class="refs_pdf_link" href="http://www.amazon.co.jp/dp/4894765209" target="_blank">Amazon</a></font>
ら	2006	李在鎬・井佐原均 2006 「助詞『に』の習得をめぐる定量的アプローチ」 5th International Conference on Practical Linguistics of Japanese  (San Francisco: 3/10)	
ら	2006	李在鎬・井佐原均 2006 「名詞の制約の階層化と文意の問題 ―分類木に基づく一般化―」 （ワークショップ「日本語構文研究の新アプローチ ―『意味と形式』再考―」） 第31回 関西言語学会大会 6月10日	
ら	2006	李在鎬・井佐原均 2006 「自己組織化マップを用いた助数詞の分析―助数詞「本」を例に―」『言語処理学会年次大会発表論文集』 12: 616-619	
ら	2006	LEE Jae-Ho &amp; ISAHARA Hitoshi 2006 &quot;A Cognitive Approach to Japanese Constructional Phenomena: Evidence from Motion Construction and Resultative Construction&quot; International Conference on Japanese Language Education (Columbia University, New York, 8/5)	
ら	2006	李在鎬・黒田航・大谷直輝・井佐原均 2006 「名詞との共起関係に基づく構文の定義」 『日本認知言語学会論文集』 6: 160-170	
ら	2006	李在鎬・黒田航・井佐原均 2006 「名詞の概念的役割解釈における類型化の試み」 『日本語用論学会 弟８回大会発表論文集』 153-160	
ら	2007	李在鎬・佐野香織・秋澤委太郎 2007 「初級学習者の名詞使用と 文生成の問題」 第6回国際Oral Proficiency Interviewシンポジウム 於・大学コンソーシアム京都 8月19日	
ら	2007	李在鎬・鈴木幸平・永田由香・黒田航・井佐原均 2007 「動詞『流れる』の語形と意味の問題をめぐって」 『計量国語学』 26(2): 64-74	
ら	2007	李在鎬・永田由香・鈴木幸平・黒田航・井佐原均 2007 「語形と意味」 『言語処理学会第13回年次大会発表論文集』 1050-1053	
ら	2007	李在鎬・濱野寛子・黒田航・井佐原均 2007 「助数詞の習得における非対称性」 日本認知科学会第24回大会 9月3日	
わ	2011	鷲山健人・三友仁志 2011 「クチコミを用いた携帯電話の評価分析と消費者の選択行動に関する研究 ―CGMへのテキストマイニングの適用―」 第28回情報通信学会大会 於・専修大学 7月3日	
A-Z	2010	Collec-Clerc, Valérie 2010 "Analyse Textométrique et Sémantique de Textes Numériques Japonais: Constitution de Corpus de Textes Pro et Antitabac" Mémoire de Master 2 professionnel（修士論文）, Ingénierie linguistique Traductique et gestion de l'information 2009-2010, Centre de Recherche en Ingénierie Multilingue	
A-Z	2005	Reinem, Monika 2005 "Japanese Political Thought as Seen from Prime Minister's Speech: Koizumi's Singularity" 『公共政策研究』 5: 179-198	
A-Z	2007	Reinem, Monika 2007 "Content Analysis of Japanese Prime Minister's Policy Speeches: The Political Thought of Murayama and Koizumi" 『論叢現代文化・公共政策』 5: 165-201	
A-Z	2008	Reinem, Monika 2008 "Content analysis of Prime Ministers' Speech: Japanese policy speeches from Katayama to Koizumi" 筑波大学教授人文社会科学研究科 平成20年度 博士論文<!-- Reinem, Monika（モニカ・レイネム）さん エストニアご出身 -->	
A-Z	2010	Wang, XinNan 2010 「新聞データベースにおける観光記事の分析」 北海道大学大学院情報科学研究科 平成21年度 修士論文	<!-- 北大の学位論文題目一覧（http://www.ist.hokudai.ac.jp/education/paper_title/detail.php?var_year=2009&g_ID=a158168257）では「オウ シンナン」だが、研究室が公開しているPDF（http://harmo.complex.eng.hokudai.ac.jp/hp_doc/ou_m_abst.pdf）では「王シンナン」。アルファベット表記は「XinNan Wang」。2011.5.6確認。 -->
